"Franta","Kačer","777111333"
"Michal","Šimon","732523373"
"Pepík","Novák","123456789"
"Karel","Gogolius","987654321"
"Franta","Kačer","777111333"
"Michal","Šimon","732523373"
"Pepík","Novák","123456789"
"Karel","Gogolius","987654321"
"Franta","Kačer","777111333"
"Michal","Šimon","732523373"
"Pepík","Novák","123456789"
"Karel","Gogolius","987654321"
"Franta","Kačer","777111333"
"Michal","Šimon","732523373"
"Pepík","Novák","123456789"
"Karel","Gogolius","987654321"
"Franta","Kačer","777111333"
"Michal","Šimon","732523373"
"Pepík","Novák","123456789"
"Karel","Gogolius","987654321"
"Franta","Kačer","777111333"
"Michal","Šimon","732523373"
"Pepík","Novák","123456789"
"Karel","Gogolius","987654321"
"Franta","Kačer","777111333"
"Michal","Šimon","732523373"
"Pepík","Novák","123456789"
"Karel","Gogolius","987654321"
"Franta","Kačer","777111333"
"Michal","Šimon","732523373"
"Pepík","Novák","123456789"
"Karel","Gogolius","987654321"
"Franta","Kačer","777111333"
"Michal","Šimon","732523373"
"Pepík","Novák","123456789"
"Karel","Gogolius","987654321"
"Franta","Kačer","777111333"
"Michal","Šimon","732523373"
"Pepík","Novák","123456789"
"Karel","Gogolius","987654321"